OrderID,CustomerID,ProductID,Quantity,OrderDate
ORD1001,C144,P36,3,2024-01-01
ORD1002,C142,P25,1,2024-01-02
ORD1003,C133,P27,1,2024-01-03
ORD1004,C147,P33,1,2024-01-04
ORD1005,C999,P29,2,2024-01-05
ORD1006,C147,P21,7,2024-01-06
ORD1007,C115,P29,6,2024-01-07
ORD1008,C139,P29,1,2024-01-08
ORD1009,C106,P38,4,2024-01-09
ORD1010,C143,P28,3,2024-01-10
ORD1011,C118,P40,7,2024-01-11
ORD1012,C109,P40,6,2024-01-12
ORD1013,C109,P35,6,2024-01-13
ORD1014,C129,P30,6,2024-01-14
ORD1015,C108,P30,3,2024-01-15
ORD1016,C129,P34,5,2024-01-16
ORD1017,C104,P34,7,2024-01-17
ORD1018,C117,P999,1,2024-01-18
ORD1019,C131,P40,9,2024-01-19
ORD1020,C143,P24,3,2024-01-20
ORD1021,C120,P34,4,2024-01-21
ORD1022,C999,P28,10,2024-01-22
ORD1023,C109,P27,9,2024-01-23
ORD1024,C133,P27,3,2024-01-24
ORD1025,C112,P35,4,2024-01-25
ORD1026,C115,P38,2,2024-01-26
ORD1027,C101,P27,6,2024-01-27
ORD1028,C150,P30,3,2024-01-28
ORD1029,C107,P36,4,2024-01-29
ORD1030,C115,P21,10,2024-01-30
ORD1031,C136,P36,10,2024-01-31
ORD1032,C999,P24,3,2024-02-01
ORD1033,C105,P33,1,2024-02-02
ORD1034,C149,P30,9,2024-02-03
ORD1035,C137,P30,1,2024-02-04
ORD1036,C109,P35,6,2024-02-05
ORD1037,C108,P29,7,2024-02-06
ORD1038,C112,P35,5,2024-02-07
ORD1039,C148,P21,7,2024-02-08
ORD1040,C140,P27,8,2024-02-09
ORD1041,C127,P24,9,2024-02-10
ORD1042,C143,P40,5,2024-02-11
ORD1043,C128,P31,9,2024-02-12
ORD1044,C116,P37,10,2024-02-13
ORD1045,C149,P30,1,2024-02-14
ORD1046,C150,P37,8,2024-02-15
ORD1047,C140,P38,3,2024-02-16
ORD1048,C115,P26,5,2024-02-17
ORD1049,C134,P26,9,2024-02-18
ORD1050,C141,P24,4,2024-02-19
ORD1051,C137,P999,8,2024-02-20
ORD1052,C123,P33,1,2024-02-21
ORD1053,C115,P30,6,2024-02-22
ORD1054,C127,P24,2,2024-02-23
ORD1055,C146,P30,1,2024-02-24
ORD1056,C120,P24,5,2024-02-25
ORD1057,C131,P39,9,2024-02-26
ORD1058,C129,P27,2,2024-02-27
ORD1059,C129,P22,10,2024-02-28
ORD1060,C136,P25,2,2024-02-29
ORD1061,C128,P33,6,2024-03-01
ORD1062,C147,P22,4,2024-03-02
ORD1063,C133,P22,4,2024-03-03
ORD1064,C133,P31,3,2024-03-04
ORD1065,C141,P40,8,2024-03-05
ORD1066,C105,P22,4,2024-03-06
ORD1067,C126,P26,3,2024-03-07
ORD1068,C118,P999,2,2024-03-08
ORD1069,C113,P25,6,2024-03-09
ORD1070,C126,P40,3,2024-03-10
ORD1071,C101,P22,1,2024-03-11
ORD1072,C140,P32,10,2024-03-12
ORD1073,C124,P26,1,2024-03-13
ORD1074,C141,P27,2,2024-03-14
ORD1075,C147,P28,2,2024-03-15
ORD1076,C103,P27,1,2024-03-16
ORD1077,C142,P26,6,2024-03-17
ORD1078,C142,P35,6,2024-03-18
ORD1079,C115,P34,4,2024-03-19
ORD1080,C106,P25,9,2024-03-20
ORD1081,C102,P22,6,2024-03-21
ORD1082,C123,P28,8,2024-03-22
ORD1083,C122,P22,2,2024-03-23
ORD1084,C150,P27,7,2024-03-24
ORD1085,C105,P40,3,2024-03-25
ORD1086,C129,P28,9,2024-03-26
ORD1087,C999,P37,2,2024-03-27
ORD1088,C119,P37,5,2024-03-28
ORD1089,C130,P25,7,2024-03-29
ORD1090,C144,P31,8,2024-03-30
ORD1091,C137,P23,6,2024-03-31
ORD1092,C148,P36,7,2024-04-01
ORD1093,C132,P31,6,2024-04-02
ORD1094,C142,P22,3,2024-04-03
ORD1095,C120,P38,4,2024-04-04
ORD1096,C107,P27,3,2024-04-05
ORD1097,C146,P21,5,2024-04-06
ORD1098,C132,P32,4,2024-04-07
ORD1099,C114,P31,2,2024-04-08
ORD1100,C104,P25,7,2024-04-09
ORD1101,C133,P32,3,2024-04-10
ORD1102,C128,P21,3,2024-04-11
ORD1103,C129,P24,4,2024-04-12
ORD1104,C122,P26,5,2024-04-13
ORD1105,C106,P24,3,2024-04-14
ORD1106,C123,P31,1,2024-04-15
ORD1107,C132,P27,2,2024-04-16
ORD1108,C113,P34,8,2024-04-17
ORD1109,C110,P23,2,2024-04-18
ORD1110,C104,P26,7,2024-04-19
ORD1111,C148,P38,9,2024-04-20
ORD1112,C107,P32,9,2024-04-21
ORD1113,C101,P37,9,2024-04-22
ORD1114,C105,P31,10,2024-04-23
ORD1115,C102,P33,2,2024-04-24
ORD1116,C127,P26,4,2024-04-25
ORD1117,C132,P35,4,2024-04-26
ORD1118,C105,P39,10,2024-04-27
ORD1119,C134,P27,7,2024-04-28
ORD1120,C102,P40,7,2024-04-29
ORD1121,C108,P30,9,2024-04-30
ORD1122,C143,P35,2,2024-05-01
ORD1123,C119,P30,3,2024-05-02
ORD1124,C128,P28,10,2024-05-03
ORD1125,C116,P999,3,2024-05-04
ORD1126,C115,P38,9,2024-05-05
ORD1127,C141,P29,6,2024-05-06
ORD1128,C119,P37,3,2024-05-07
ORD1129,C134,P40,7,2024-05-08
ORD1130,C146,P24,10,2024-05-09
ORD1131,C144,P30,10,2024-05-10
ORD1132,C137,P22,1,2024-05-11
ORD1133,C150,P25,3,2024-05-12
ORD1134,C120,P34,3,2024-05-13
ORD1135,C104,P34,8,2024-05-14
ORD1136,C146,P30,9,2024-05-15
ORD1137,C142,P33,6,2024-05-16
ORD1138,C116,P28,3,2024-05-17
ORD1139,C131,P21,3,2024-05-18
ORD1140,C150,P37,3,2024-05-19
ORD1141,C148,P31,1,2024-05-20
ORD1142,C103,P26,4,2024-05-21
ORD1143,C105,P31,2,2024-05-22
ORD1144,C115,P23,1,2024-05-23
ORD1145,C136,P21,2,2024-05-24
ORD1146,C143,P27,2,2024-05-25
ORD1147,C146,P39,6,2024-05-26
ORD1148,C117,P32,8,2024-05-27
ORD1149,C101,P31,7,2024-05-28
ORD1150,C145,P24,8,2024-05-29
ORD1151,C117,P23,6,2024-05-30
ORD1152,C112,P30,6,2024-05-31
ORD1153,C143,P33,5,2024-06-01
ORD1154,C138,P33,6,2024-06-02
ORD1155,C105,P36,2,2024-06-03
ORD1156,C113,P28,10,2024-06-04
ORD1157,C148,P35,7,2024-06-05
ORD1158,C106,P23,5,2024-06-06
ORD1159,C112,P21,6,2024-06-07
ORD1160,C122,P35,7,2024-06-08
ORD1161,C101,P38,4,2024-06-09
ORD1162,C101,P22,9,2024-06-10
ORD1163,C138,P34,7,2024-06-11
ORD1164,C123,P24,9,2024-06-12
ORD1165,C116,P38,8,2024-06-13
ORD1166,C148,P33,4,2024-06-14
ORD1167,C138,P29,10,2024-06-15
ORD1168,C105,P38,10,2024-06-16
ORD1169,C123,P39,10,2024-06-17
ORD1170,C120,P33,9,2024-06-18
ORD1171,C114,P29,5,2024-06-19
ORD1172,C127,P36,6,2024-06-20
ORD1173,C150,P32,6,2024-06-21
ORD1174,C149,P27,9,2024-06-22
ORD1175,C999,P37,5,2024-06-23
ORD1176,C101,P22,6,2024-06-24
ORD1177,C111,P22,8,2024-06-25
ORD1178,C139,P999,4,2024-06-26
ORD1179,C102,P21,5,2024-06-27
ORD1180,C142,P26,8,2024-06-28
ORD1181,C127,P33,6,2024-06-29
ORD1182,C147,P27,9,2024-06-30
ORD1183,C121,P35,7,2024-07-01
ORD1184,C104,P23,10,2024-07-02
ORD1185,C123,P29,5,2024-07-03
ORD1186,C124,P24,4,2024-07-04
ORD1187,C148,P29,8,2024-07-05
ORD1188,C122,P29,5,2024-07-06
ORD1189,C142,P38,7,2024-07-07
ORD1190,C146,P26,2,2024-07-08
ORD1191,C114,P24,3,2024-07-09
ORD1192,C143,P35,8,2024-07-10
ORD1193,C146,P33,8,2024-07-11
ORD1194,C129,P28,2,2024-07-12
ORD1195,C136,P33,1,2024-07-13
ORD1196,C148,P30,10,2024-07-14
ORD1197,C115,P33,5,2024-07-15
ORD1198,C134,P22,7,2024-07-16
ORD1199,C148,P34,3,2024-07-17
ORD1200,C144,P36,7,2024-07-18
